{
  "step": [
    0,
    10,
    20,
    30,
    40,
    50,
    60,
    70,
    80,
    90,
    100,
    110,
    120,
    130,
    140,
    150,
    160,
    170,
    180,
    190,
    200,
    210,
    220,
    230,
    240,
    250,
    260,
    270,
    280,
    290,
    300
  ],
  "loss": [
    -23.779884338378906,
    -27.408164978027344,
    -34.54535675048828,
    -41.28373336791992,
    -48.638526916503906,
    -55.09114456176758,
    -60.582828521728516,
    -65.44953918457031,
    -68.59790802001953,
    -70.87513732910156,
    -72.62175750732422,
    -73.85955047607422,
    -74.84724426269531,
    -75.58050537109375,
    -76.2186508178711,
    -76.77104949951172,
    -77.23271942138672,
    -77.6069564819336,
    -77.92118072509766,
    -78.1888198852539,
    -78.41349792480469,
    -78.60000610351562,
    -78.75057983398438,
    -78.86942291259766,
    -78.96009063720703,
    -79.02657318115234,
    -79.07212829589844,
    -79.10049438476562,
    -79.11557006835938,
    -79.12141418457031,
    -79.12234497070312
  ],
  "pred_psnr": [
    23.61580467224121,
    26.947647094726562,
    33.67924118041992,
    40.3144645690918,
    47.64436721801758,
    54.09263229370117,
    59.58330154418945,
    64.44971466064453,
    67.5979995727539,
    69.87519073486328,
    71.6218032836914,
    72.85958099365234,
    73.8472671508789,
    74.58052825927734,
    75.21867370605469,
    75.77107238769531,
    76.23273468017578,
    76.60697174072266,
    76.92119598388672,
    77.18883514404297,
    77.41351318359375,
    77.60001373291016,
    77.7505874633789,
    77.86943054199219,
    77.96009826660156,
    78.02658081054688,
    78.07213592529297,
    78.10050201416016,
    78.1155776977539,
    78.12142181396484,
    78.12235260009766
  ],
  "pred_ssim": [
    0.5885246396064758,
    0.7373228073120117,
    0.9310784339904785,
    0.983539342880249,
    0.9966565370559692,
    0.9990934133529663,
    0.9996951818466187,
    0.9998830556869507,
    0.9999366998672485,
    0.9999594688415527,
    0.9999715089797974,
    0.9999778270721436,
    0.9999817609786987,
    0.9999841451644897,
    0.9999860525131226,
    0.9999876022338867,
    0.9999886751174927,
    0.9999895095825195,
    0.9999901056289673,
    0.9999905824661255,
    0.9999910593032837,
    0.9999914169311523,
    0.9999916553497314,
    0.999991774559021,
    0.9999920129776001,
    0.9999921321868896,
    0.9999921321868896,
    0.9999921321868896,
    0.9999922513961792,
    0.9999922513961792,
    0.9999922513961792
  ],
  "pred_lpips": [
    0.4244447350502014,
    0.2768062949180603,
    0.06496331840753555,
    0.014271258376538754,
    0.0024977256543934345,
    0.0005798573256470263,
    0.00016775907715782523,
    5.7364883105037734e-05,
    2.9047654606983997e-05,
    1.8183200154453516e-05,
    1.2516763490566518e-05,
    9.761115506989881e-06,
    7.924612873466685e-06,
    6.881537501612911e-06,
    5.976787633699132e-06,
    5.396096184995258e-06,
    4.88946807308821e-06,
    4.535326752375113e-06,
    4.258807621226879e-06,
    4.034251560369739e-06,
    3.855697286780924e-06,
    3.7137324397917837e-06,
    3.6039384667674312e-06,
    3.519637630233774e-06,
    3.4566612612252356e-06,
    3.410911403989303e-06,
    3.3797521155065624e-06,
    3.3608880585234147e-06,
    3.351052782818442e-06,
    3.3470794278400717e-06,
    3.346438234075322e-06
  ],
  "real_psnr": [
    21.34480001055405,
    20.824344737115943,
    20.254739084720548,
    19.722728748440538,
    19.156997154911267,
    18.53406683071966,
    17.924211913400377,
    17.398689479214646,
    16.967403301174976,
    16.618267201133644,
    16.333567078487633,
    16.096621203172276,
    15.893821934535366,
    15.717217758735291,
    15.563251532526131,
    15.428837476145581,
    15.311843926903109,
    15.210213949346084,
    15.122277163339463,
    15.046863479398604,
    14.982927925836869,
    14.929914061446915,
    14.8867465544783,
    14.852576704260692,
    14.826563782698901,
    14.807688084116233,
    14.794852987999882,
    14.786973392519272,
    14.782901949631235,
    14.781416886549824,
    14.781221316477707
  ],
  "real_ssim": [
    0.43939459323883057,
    0.40722978115081787,
    0.3786461353302002,
    0.35290053486824036,
    0.32942768931388855,
    0.307947039604187,
    0.28810247778892517,
    0.27129650115966797,
    0.25764405727386475,
    0.24654710292816162,
    0.23757493495941162,
    0.23014621436595917,
    0.22380472719669342,
    0.21828949451446533,
    0.21350665390491486,
    0.20934753119945526,
    0.2057105302810669,
    0.20255784690380096,
    0.19982975721359253,
    0.19749288260936737,
    0.19551391899585724,
    0.19387267529964447,
    0.1925414353609085,
    0.19148945808410645,
    0.19069033861160278,
    0.19010984897613525,
    0.1897154450416565,
    0.18947350978851318,
    0.189348503947258,
    0.18930299580097198,
    0.18929696083068848
  ],
  "real_lpips": [
    0.5502845644950867,
    0.5857169032096863,
    0.6163215041160583,
    0.6418105959892273,
    0.6684689521789551,
    0.697382926940918,
    0.7265814542770386,
    0.7514839172363281,
    0.7749572992324829,
    0.7929967641830444,
    0.8079569339752197,
    0.819866955280304,
    0.8301754593849182,
    0.8392940759658813,
    0.8477946519851685,
    0.8545817136764526,
    0.860497236251831,
    0.865566611289978,
    0.8701010942459106,
    0.8740047216415405,
    0.8773784637451172,
    0.8802182078361511,
    0.8825872540473938,
    0.8844642043113708,
    0.8858892917633057,
    0.8869368433952332,
    0.8876511454582214,
    0.8880875110626221,
    0.8883098363876343,
    0.8883908987045288,
    0.888401448726654
  ]
}