{
  "step": [
    0,
    10,
    20,
    30,
    40,
    50,
    60,
    70,
    80,
    90,
    100,
    110,
    120,
    130,
    140,
    150,
    160,
    170,
    180,
    190,
    200,
    210,
    220,
    230,
    240,
    250,
    260,
    270,
    280,
    290,
    300
  ],
  "loss": [
    -21.835735321044922,
    -45.48884963989258,
    -55.630855560302734,
    -64.83480834960938,
    -72.24324798583984,
    -79.68354797363281,
    -88.28787994384766,
    -96.54469299316406,
    -104.95631408691406,
    -112.89210510253906,
    -120.1292724609375,
    -125.4013671875,
    -129.46145629882812,
    -132.75405883789062,
    -135.2174835205078,
    -137.1395263671875,
    -138.61007690429688,
    -139.87747192382812,
    -140.88539123535156,
    -141.6747589111328,
    -142.32815551757812,
    -142.85731506347656,
    -143.279296875,
    -143.60801696777344,
    -143.85916137695312,
    -144.041748046875,
    -144.16778564453125,
    -144.24696350097656,
    -144.2895050048828,
    -144.3062744140625,
    -144.30909729003906
  ],
  "pred_psnr": [
    21.766847610473633,
    44.50185775756836,
    54.63364791870117,
    63.83515548706055,
    71.2432861328125,
    78.68354797363281,
    87.28787994384766,
    95.54469299316406,
    103.95631408691406,
    111.89210510253906,
    119.1292724609375,
    124.4013671875,
    128.46145629882812,
    131.75405883789062,
    134.2174835205078,
    136.1395263671875,
    137.61007690429688,
    138.87747192382812,
    139.88539123535156,
    140.6747589111328,
    141.32815551757812,
    141.85731506347656,
    142.279296875,
    142.60801696777344,
    142.85916137695312,
    143.041748046875,
    143.16778564453125,
    143.24696350097656,
    143.2895050048828,
    143.3062744140625,
    143.30909729003906
  ],
  "pred_ssim": [
    0.5628707408905029,
    0.9916491508483887,
    0.9985774755477905,
    0.9998661279678345,
    0.9999873638153076,
    0.9999988079071045,
    0.9999998807907104,
    1.0,
    1.0,
    1.0,
    1.0,
    1.0,
    1.0,
    1.0,
    1.0,
    1.0,
    1.0,
    1.0,
    1.0,
    1.0,
    1.0,
    1.0,
    1.0,
    1.0,
    1.0,
    1.0,
    1.0,
    1.0,
    1.0,
    1.0,
    1.0
  ],
  "pred_lpips": [
    0.4939827620983124,
    0.00465919217094779,
    0.0013694532681256533,
    0.00021674255549442023,
    2.6277477445546538e-05,
    2.6207412702206057e-06,
    2.4259838937723543e-07,
    2.818807054438821e-08,
    3.761130962232073e-09,
    5.541195835512269e-10,
    1.102832547505983e-10,
    3.45430836712346e-11,
    1.48767283214557e-11,
    7.739068934309312e-12,
    4.759506590928941e-12,
    3.2664008216970464e-12,
    2.4559024518894246e-12,
    1.918918366219935e-12,
    1.5765905291356686e-12,
    1.3518771605630642e-12,
    1.189877840354625e-12,
    1.073373052766502e-12,
    9.89811314508482e-13,
    9.28570913737159e-13,
    8.845710622318315e-13,
    8.535653195536341e-13,
    8.32897607220412e-13,
    8.20255376208362e-13,
    8.134623617067627e-13,
    8.107888275696307e-13,
    8.103404015510907e-13
  ],
  "real_psnr": [
    21.337800114244985,
    20.69050572963303,
    20.067793145946986,
    19.501526663658577,
    19.050649330281818,
    18.722886915727152,
    18.439550242823522,
    18.178719569563984,
    17.945720950075973,
    17.733574567387535,
    17.545603263405614,
    17.377722268984943,
    17.230602098361576,
    17.099847093879585,
    16.98468437402439,
    16.88348615363764,
    16.794237972921145,
    16.71579813843586,
    16.64831477040054,
    16.590638916929898,
    16.541650972586865,
    16.500823764092768,
    16.467499370272,
    16.441056112771825,
    16.420863611331203,
    16.406175757501924,
    16.396162999892457,
    16.39001907163786,
    16.386844924911994,
    16.3856861453791,
    16.385531993275908
  ],
  "real_ssim": [
    0.44103971123695374,
    0.39946117997169495,
    0.3619483411312103,
    0.3328966796398163,
    0.31135377287864685,
    0.2961726486682892,
    0.2843586504459381,
    0.27453744411468506,
    0.2664184272289276,
    0.25931409001350403,
    0.2532300055027008,
    0.24787171185016632,
    0.24325668811798096,
    0.23915880918502808,
    0.23557619750499725,
    0.2323898822069168,
    0.22957754135131836,
    0.22710736095905304,
    0.22494815289974213,
    0.2230842262506485,
    0.22150544822216034,
    0.22020775079727173,
    0.21915395557880402,
    0.21831758320331573,
    0.217678964138031,
    0.21721267700195312,
    0.21689355373382568,
    0.21669811010360718,
    0.21659724414348602,
    0.21656037867069244,
    0.21655552089214325
  ],
  "real_lpips": [
    0.547826886177063,
    0.5857422947883606,
    0.6250046491622925,
    0.6571254134178162,
    0.6865896582603455,
    0.7104402780532837,
    0.7279717922210693,
    0.7428191304206848,
    0.7557818293571472,
    0.7670186758041382,
    0.7782046794891357,
    0.7877035140991211,
    0.7956390976905823,
    0.8031666278839111,
    0.8103554844856262,
    0.8172674775123596,
    0.8231583833694458,
    0.8285795450210571,
    0.8332173824310303,
    0.8370394110679626,
    0.8402577638626099,
    0.8430351614952087,
    0.8452649712562561,
    0.847009539604187,
    0.8483374714851379,
    0.8493058681488037,
    0.8499615788459778,
    0.850372314453125,
    0.8505886197090149,
    0.850665807723999,
    0.8506763577461243
  ]
}