{
  "step": [
    0,
    10,
    20,
    30,
    40,
    50,
    60,
    70,
    80,
    90,
    100,
    110,
    120,
    130,
    140,
    150,
    160,
    170,
    180,
    190,
    200,
    210,
    220,
    230,
    240,
    250,
    260,
    270,
    280,
    290,
    300
  ],
  "loss": [
    -21.55080795288086,
    -32.33224105834961,
    -40.64362335205078,
    -46.27445983886719,
    -50.34367370605469,
    -53.320674896240234,
    -55.00608825683594,
    -56.62991714477539,
    -57.947540283203125,
    -58.999454498291016,
    -59.871788024902344,
    -60.51435470581055,
    -61.0858268737793,
    -61.54689407348633,
    -61.999549865722656,
    -62.3720588684082,
    -62.6838493347168,
    -62.95001983642578,
    -63.17860794067383,
    -63.3697624206543,
    -63.531494140625,
    -63.66527557373047,
    -63.775001525878906,
    -63.861961364746094,
    -63.928443908691406,
    -63.97740173339844,
    -64.0111312866211,
    -64.03218078613281,
    -64.04338073730469,
    -64.04774475097656,
    -64.0484619140625
  ],
  "pred_psnr": [
    21.563688278198242,
    31.565736770629883,
    39.7012939453125,
    45.29911422729492,
    49.355499267578125,
    52.327781677246094,
    54.01120376586914,
    55.6334114074707,
    56.950218200683594,
    58.00157165527344,
    58.873538970947266,
    59.51590347290039,
    60.087181091308594,
    60.54808807373047,
    61.00062561035156,
    61.3730583190918,
    61.684776306152344,
    61.950897216796875,
    62.179443359375,
    62.37055969238281,
    62.53226852416992,
    62.6660270690918,
    62.775733947753906,
    62.86267852783203,
    62.92915344238281,
    62.97810363769531,
    63.01182556152344,
    63.032875061035156,
    63.04407501220703,
    63.048439025878906,
    63.04915237426758
  ],
  "pred_ssim": [
    0.5259196162223816,
    0.8641058206558228,
    0.963083803653717,
    0.9842689037322998,
    0.9926284551620483,
    0.9957785606384277,
    0.9970687031745911,
    0.9980639815330505,
    0.9985652565956116,
    0.9988962411880493,
    0.9991083741188049,
    0.9992227554321289,
    0.9993327260017395,
    0.9994211196899414,
    0.9994845390319824,
    0.9995276927947998,
    0.9995651841163635,
    0.9995929598808289,
    0.9996142387390137,
    0.9996321201324463,
    0.9996465444564819,
    0.9996575117111206,
    0.9996678829193115,
    0.9996750354766846,
    0.9996805191040039,
    0.9996839761734009,
    0.999686598777771,
    0.9996881484985352,
    0.999688982963562,
    0.9996893405914307,
    0.9996893405914307
  ],
  "pred_lpips": [
    0.5387988686561584,
    0.09760177880525589,
    0.020756736397743225,
    0.00892352033406496,
    0.0044549074955284595,
    0.0028830310329794884,
    0.002184464829042554,
    0.0015578661113977432,
    0.0012418009573593736,
    0.0010139094665646553,
    0.000859543273691088,
    0.0007711451034992933,
    0.0006860207067802548,
    0.0006158644682727754,
    0.0005615676054731011,
    0.0005254030111245811,
    0.000493329600431025,
    0.0004685035382863134,
    0.00044918546336703,
    0.00043272427865304053,
    0.0004193477507214993,
    0.0004093939787708223,
    0.000399676151573658,
    0.0003928858495783061,
    0.0003876547852996737,
    0.00038437507464550436,
    0.0003818460972979665,
    0.00038032064912840724,
    0.0003794889198616147,
    0.0003792093775700778,
    0.0003791652852669358
  ],
  "real_psnr": [
    21.332615856644882,
    20.939893561764777,
    20.46906319251892,
    20.034985940689296,
    19.635596596576935,
    19.277236580935494,
    18.973273335334294,
    18.707613386445363,
    18.47550490495816,
    18.273290982650884,
    18.091662989877154,
    17.927016119571853,
    17.776057298877845,
    17.6385262328514,
    17.513312438574808,
    17.400148720901086,
    17.29885637099602,
    17.2087160913169,
    17.12932756304636,
    17.06042630617344,
    17.00161022868049,
    16.952255758473825,
    16.911799028462028,
    16.87951377388931,
    16.854712019878093,
    16.836581647761374,
    16.824212827879226,
    16.81658756560904,
    16.812641708644126,
    16.811201705504143,
    16.811008395520172
  ],
  "real_ssim": [
    0.43913206458091736,
    0.4120878279209137,
    0.3856891095638275,
    0.3648459017276764,
    0.3472745418548584,
    0.3326753079891205,
    0.32099881768226624,
    0.31086963415145874,
    0.3021523654460907,
    0.2946748435497284,
    0.2880239188671112,
    0.2819710671901703,
    0.276412695646286,
    0.27135491371154785,
    0.2667735815048218,
    0.2626436948776245,
    0.2589517831802368,
    0.2556777596473694,
    0.2527945339679718,
    0.2503001093864441,
    0.24818170070648193,
    0.2464037388563156,
    0.24494822323322296,
    0.24379484355449677,
    0.2429104596376419,
    0.2422637939453125,
    0.2418234795331955,
    0.24155199527740479,
    0.24141161143779755,
    0.24136026203632355,
    0.24135346710681915
  ],
  "real_lpips": [
    0.5480765104293823,
    0.5729418396949768,
    0.5963917970657349,
    0.6174736022949219,
    0.6378051042556763,
    0.6576995253562927,
    0.674714207649231,
    0.6904549598693848,
    0.705058217048645,
    0.7185182571411133,
    0.7310903668403625,
    0.7428605556488037,
    0.7532905340194702,
    0.7630265355110168,
    0.7720562219619751,
    0.7803193926811218,
    0.787728488445282,
    0.7942180633544922,
    0.7999578714370728,
    0.8049442172050476,
    0.8091872930526733,
    0.8127415180206299,
    0.8157057166099548,
    0.8180989623069763,
    0.8199579119682312,
    0.8213303089141846,
    0.8222755193710327,
    0.8228621482849121,
    0.8231625556945801,
    0.8232713341712952,
    0.8232856392860413
  ]
}