{
  "step": [
    0,
    10,
    20,
    30,
    40,
    50,
    60,
    70,
    80,
    90,
    100,
    110,
    120,
    130,
    140,
    150,
    160,
    170,
    180,
    190,
    200,
    210,
    220,
    230,
    240,
    250,
    260,
    270,
    280,
    290,
    300
  ],
  "loss": [
    -23.6066951751709,
    -33.0246696472168,
    -40.63212585449219,
    -45.05915832519531,
    -48.345619201660156,
    -51.89963912963867,
    -54.26276397705078,
    -55.680274963378906,
    -56.961143493652344,
    -58.00541687011719,
    -58.67824935913086,
    -59.34368133544922,
    -59.82661437988281,
    -60.21310043334961,
    -60.55080032348633,
    -60.835044860839844,
    -61.07613754272461,
    -61.28069305419922,
    -61.457130432128906,
    -61.60662841796875,
    -61.730655670166016,
    -61.83320617675781,
    -61.917076110839844,
    -61.98356246948242,
    -62.03464126586914,
    -62.07228469848633,
    -62.09832000732422,
    -62.1146354675293,
    -62.123355865478516,
    -62.126747131347656,
    -62.127296447753906
  ],
  "pred_psnr": [
    23.58642578125,
    32.32611846923828,
    39.723060607910156,
    44.10631561279297,
    47.37114334106445,
    50.912567138671875,
    53.27092742919922,
    54.68634033203125,
    55.96579360961914,
    57.00918960571289,
    57.68149185180664,
    58.34652328491211,
    58.82917404174805,
    59.21546936035156,
    59.55299377441406,
    59.83711242675781,
    60.07809829711914,
    60.28257751464844,
    60.45895004272461,
    60.608394622802734,
    60.73237609863281,
    60.83489227294922,
    60.918739318847656,
    60.985198974609375,
    61.0362663269043,
    61.07389450073242,
    61.09992218017578,
    61.116233825683594,
    61.12495422363281,
    61.12834167480469,
    61.12889099121094
  ],
  "pred_ssim": [
    0.5471472144126892,
    0.8548161387443542,
    0.9551736116409302,
    0.9776875376701355,
    0.9881808757781982,
    0.994255006313324,
    0.9964649677276611,
    0.9973976612091064,
    0.9980074763298035,
    0.9984209537506104,
    0.9986317753791809,
    0.9988068342208862,
    0.9989223480224609,
    0.9990014433860779,
    0.9990725517272949,
    0.9991248250007629,
    0.9991673231124878,
    0.9991999268531799,
    0.9992272853851318,
    0.9992490410804749,
    0.9992673993110657,
    0.9992813467979431,
    0.9992923736572266,
    0.9993008375167847,
    0.9993075132369995,
    0.9993124008178711,
    0.999315619468689,
    0.9993177652359009,
    0.9993188381195068,
    0.999319314956665,
    0.9993194341659546
  ],
  "pred_lpips": [
    0.5268780589103699,
    0.15626618266105652,
    0.046110089868307114,
    0.024844083935022354,
    0.013705035671591759,
    0.007184656336903572,
    0.004627327900379896,
    0.003462692489847541,
    0.002659380668774247,
    0.00219210097566247,
    0.0018720744410529733,
    0.0016496534226462245,
    0.001481503713876009,
    0.0013692303327843547,
    0.0012671913718804717,
    0.0011921563418582082,
    0.0011302835773676634,
    0.0010838789166882634,
    0.0010449556866660714,
    0.0010129724396392703,
    0.0009870853973552585,
    0.0009672453161329031,
    0.0009519305313006043,
    0.0009396152454428375,
    0.0009303395636379719,
    0.0009235096513293684,
    0.0009188323747366667,
    0.0009158978355117142,
    0.0009143539937213063,
    0.0009137814049609005,
    0.0009136838489212096
  ],
  "real_psnr": [
    22.667994947085187,
    22.217941725237885,
    21.62096046645977,
    21.003413647126873,
    20.430299942033603,
    19.935093877455135,
    19.51754233593185,
    19.17051434444926,
    18.880083109488876,
    18.63125315906306,
    18.41421428388405,
    18.222180758448086,
    18.052704629528286,
    17.902097207444474,
    17.76755434165136,
    17.6475983862689,
    17.541262644779035,
    17.447070635426343,
    17.364563046584504,
    17.293499419167148,
    17.233049587434337,
    17.182538023772874,
    17.141269662852057,
    17.108414467835658,
    17.083229856525005,
    17.064849213504047,
    17.052293965238476,
    17.04457863442589,
    17.04058757446377,
    17.039132168040418,
    17.038939487024763
  ],
  "real_ssim": [
    0.4605484902858734,
    0.43452295660972595,
    0.4046805202960968,
    0.3773737847805023,
    0.354480117559433,
    0.3359536826610565,
    0.3212032616138458,
    0.30941054224967957,
    0.2996973693370819,
    0.2914871275424957,
    0.2844492197036743,
    0.278191477060318,
    0.2726963758468628,
    0.26781755685806274,
    0.2634538412094116,
    0.25957533717155457,
    0.256139874458313,
    0.2530999183654785,
    0.25044509768486023,
    0.24816511571407318,
    0.2462194561958313,
    0.24459946155548096,
    0.24327771365642548,
    0.2422260046005249,
    0.24141867458820343,
    0.24082930386066437,
    0.24042613804340363,
    0.24017827212810516,
    0.2400500327348709,
    0.24000324308872223,
    0.23999707400798798
  ],
  "real_lpips": [
    0.5075311660766602,
    0.5412312746047974,
    0.5720093846321106,
    0.6022719144821167,
    0.6269212961196899,
    0.648770809173584,
    0.667339026927948,
    0.6830587387084961,
    0.6969093084335327,
    0.7085159420967102,
    0.7185654044151306,
    0.7279949188232422,
    0.7363037467002869,
    0.7434691786766052,
    0.7497882843017578,
    0.7554921507835388,
    0.760498583316803,
    0.7649831175804138,
    0.7689849734306335,
    0.7724488973617554,
    0.7754455804824829,
    0.7780523300170898,
    0.7802014350891113,
    0.7819311022758484,
    0.7832559943199158,
    0.7842229604721069,
    0.7848904728889465,
    0.785302460193634,
    0.7855160236358643,
    0.7855945825576782,
    0.7856048941612244
  ]
}