{
  "step": [
    0,
    10,
    20,
    30,
    40,
    50,
    60,
    70,
    80,
    90,
    100,
    110,
    120,
    130,
    140,
    150,
    160,
    170,
    180,
    190,
    200,
    210,
    220,
    230,
    240,
    250,
    260,
    270,
    280,
    290,
    300
  ],
  "loss": [
    -21.599557876586914,
    -29.29791259765625,
    -36.38147735595703,
    -42.38953399658203,
    -46.281341552734375,
    -50.501953125,
    -54.48799133300781,
    -57.72454071044922,
    -61.274959564208984,
    -63.845916748046875,
    -66.44266510009766,
    -68.15327453613281,
    -70.07535552978516,
    -71.37068176269531,
    -72.50105285644531,
    -73.61839294433594,
    -74.30523681640625,
    -74.91905975341797,
    -75.41866302490234,
    -75.85044860839844,
    -76.18209075927734,
    -76.45651245117188,
    -76.67581939697266,
    -76.84719848632812,
    -76.97639465332031,
    -77.07106018066406,
    -77.13597106933594,
    -77.17630767822266,
    -77.19788360595703,
    -77.20626831054688,
    -77.20760345458984
  ],
  "pred_psnr": [
    21.448556900024414,
    28.898021697998047,
    35.55259704589844,
    41.439170837402344,
    45.302001953125,
    49.51009750366211,
    53.49100875854492,
    56.72587966918945,
    60.27558135986328,
    62.846248626708984,
    65.4428482055664,
    67.15339660644531,
    69.07543182373047,
    70.37074279785156,
    71.5010986328125,
    72.61842346191406,
    73.30526733398438,
    73.91908264160156,
    74.41868591308594,
    74.8504638671875,
    75.1821060180664,
    75.45652770996094,
    75.67583465576172,
    75.84721374511719,
    75.97640991210938,
    76.07107543945312,
    76.135986328125,
    76.17632293701172,
    76.1978988647461,
    76.20628356933594,
    76.2076187133789
  ],
  "pred_ssim": [
    0.5327131748199463,
    0.7415651679039001,
    0.9288000464439392,
    0.9791359305381775,
    0.9911200404167175,
    0.9963811039924622,
    0.9985969662666321,
    0.9993689656257629,
    0.9996964931488037,
    0.999834418296814,
    0.9999058246612549,
    0.9999371767044067,
    0.9999594688415527,
    0.9999700784683228,
    0.9999771118164062,
    0.9999821186065674,
    0.999984622001648,
    0.9999866485595703,
    0.9999881982803345,
    0.9999892711639404,
    0.9999901056289673,
    0.999990701675415,
    0.9999911785125732,
    0.9999915361404419,
    0.999991774559021,
    0.9999918937683105,
    0.9999920129776001,
    0.9999921321868896,
    0.9999921321868896,
    0.9999921321868896,
    0.9999922513961792
  ],
  "pred_lpips": [
    0.3817112147808075,
    0.341675728559494,
    0.0999174639582634,
    0.028775395825505257,
    0.0117796640843153,
    0.00452349241822958,
    0.0016131657175719738,
    0.0007089126156643033,
    0.0003179949999321252,
    0.000168076905538328,
    9.161683556158096e-05,
    5.905381476623006e-05,
    3.713096521096304e-05,
    2.682655212993268e-05,
    2.013632001762744e-05,
    1.5437164620379917e-05,
    1.3058296644885559e-05,
    1.1292221643088851e-05,
    9.838732694333885e-06,
    8.870720193954185e-06,
    8.145050742314197e-06,
    7.600828212162014e-06,
    7.217029633466154e-06,
    6.904756446601823e-06,
    6.684698746539652e-06,
    6.5271087805740535e-06,
    6.421186753868824e-06,
    6.354887773341034e-06,
    6.319743533822475e-06,
    6.306703198788455e-06,
    6.304555881797569e-06
  ],
  "real_psnr": [
    21.330448279565744,
    20.861301101536526,
    20.47979620768189,
    20.110374376211304,
    19.73185239264525,
    19.353197862165935,
    18.99180626809568,
    18.648828398922102,
    18.338629957098092,
    18.07054035666939,
    17.8349901988595,
    17.626700321936834,
    17.44421706034801,
    17.28512436674224,
    17.1494483817887,
    17.033081321550362,
    16.932079668343466,
    16.844656370392034,
    16.76872030481928,
    16.703896484246236,
    16.649085055768328,
    16.60340002137921,
    16.566010385507568,
    16.536393805367133,
    16.51385250148792,
    16.49753873104824,
    16.48650242814204,
    16.479739212183087,
    16.47625373787125,
    16.474986430667315,
    16.474819017109454
  ],
  "real_ssim": [
    0.43950513005256653,
    0.4116498529911041,
    0.391009658575058,
    0.3728926181793213,
    0.35689568519592285,
    0.3431096374988556,
    0.3313198387622833,
    0.32121771574020386,
    0.3127083480358124,
    0.30585041642189026,
    0.30027756094932556,
    0.2955903112888336,
    0.2916790544986725,
    0.288431853055954,
    0.285643607378006,
    0.2832258939743042,
    0.2811179757118225,
    0.2792789041996002,
    0.27767813205718994,
    0.2762993574142456,
    0.27513763308525085,
    0.2741582691669464,
    0.2733529806137085,
    0.2727125883102417,
    0.2722187042236328,
    0.27185502648353577,
    0.2716078758239746,
    0.27145588397979736,
    0.27137747406959534,
    0.27134883403778076,
    0.2713450491428375
  ],
  "real_lpips": [
    0.5494306683540344,
    0.5816670060157776,
    0.6032773852348328,
    0.6236174702644348,
    0.6428587436676025,
    0.662554919719696,
    0.6814360618591309,
    0.6984225511550903,
    0.7133927941322327,
    0.7253099679946899,
    0.7350911498069763,
    0.7435686588287354,
    0.7513429522514343,
    0.7578129172325134,
    0.763626754283905,
    0.7686153650283813,
    0.7728708982467651,
    0.7769103050231934,
    0.7804272174835205,
    0.7834585905075073,
    0.7861166596412659,
    0.7883533239364624,
    0.7901990413665771,
    0.7915889024734497,
    0.7926260232925415,
    0.7933806777000427,
    0.7938831448554993,
    0.7941945791244507,
    0.794358491897583,
    0.7944183945655823,
    0.7944262623786926
  ]
}