{
  "step": [
    0,
    10,
    20,
    30,
    40,
    50,
    60,
    70,
    80,
    90,
    100,
    110,
    120,
    130,
    140,
    150,
    160,
    170,
    180,
    190,
    200,
    210,
    220,
    230,
    240,
    250,
    260,
    270,
    280,
    290,
    300
  ],
  "loss": [
    -22.131935119628906,
    -56.40801239013672,
    -66.3656234741211,
    -79.11421203613281,
    -95.90469360351562,
    -114.54621124267578,
    -129.35455322265625,
    -140.12356567382812,
    -148.60745239257812,
    -155.26693725585938,
    -160.56814575195312,
    -165.155029296875,
    -168.9719696044922,
    -172.09292602539062,
    -174.88809204101562,
    -177.23403930664062,
    -179.27532958984375,
    -181.03628540039062,
    -182.56402587890625,
    -183.87393188476562,
    -184.97366333007812,
    -185.89744567871094,
    -186.6318359375,
    -187.21597290039062,
    -187.669921875,
    -187.99964904785156,
    -188.22836303710938,
    -188.37115478515625,
    -188.44789123535156,
    -188.478515625,
    -188.4838409423828
  ],
  "pred_psnr": [
    22.165842056274414,
    55.40983963012695,
    65.36570739746094,
    78.11421203613281,
    94.90469360351562,
    113.54621124267578,
    128.35455322265625,
    139.12356567382812,
    147.60745239257812,
    154.26693725585938,
    159.56814575195312,
    164.155029296875,
    167.9719696044922,
    171.09292602539062,
    173.88809204101562,
    176.23403930664062,
    178.27532958984375,
    180.03628540039062,
    181.56402587890625,
    182.87393188476562,
    183.97366333007812,
    184.89744567871094,
    185.6318359375,
    186.21597290039062,
    186.669921875,
    186.99964904785156,
    187.22836303710938,
    187.37115478515625,
    187.44789123535156,
    187.478515625,
    187.4838409423828
  ],
  "pred_ssim": [
    0.4987287223339081,
    0.9985418319702148,
    0.9999303817749023,
    0.9999997615814209,
    1.0,
    1.0,
    1.0,
    1.0,
    1.0,
    1.0,
    1.0,
    1.0,
    1.0,
    1.0,
    1.0,
    1.0,
    1.0,
    1.0,
    1.0,
    1.0,
    1.0,
    1.0,
    1.0,
    1.0,
    1.0,
    1.0,
    1.0,
    1.0,
    1.0,
    1.0,
    1.0
  ],
  "pred_lpips": [
    0.5326340794563293,
    0.0003696510975714773,
    1.1879257726832293e-05,
    6.148942333084051e-08,
    5.007722014838123e-11,
    4.090912992475021e-14,
    2.5080979087422814e-16,
    7.235051860161427e-18,
    4.734446301117564e-19,
    5.817181908226406e-20,
    1.1412316874535754e-20,
    2.8486389793448264e-21,
    9.009027817242287e-22,
    3.521370572613873e-22,
    1.5191112122325301e-22,
    7.488598513100441e-23,
    4.026902364958406e-23,
    2.3560864480025267e-23,
    1.4732879861877968e-23,
    9.84413528282421e-24,
    7.072906365828056e-24,
    5.351306581465488e-24,
    4.296369992661576e-24,
    3.608217042753341e-24,
    3.1507706060967443e-24,
    2.8556743075325734e-24,
    2.6685215937190933e-24,
    2.5569993414718674e-24,
    2.4993866601960875e-24,
    2.4764858309022953e-24,
    2.4726249484169173e-24
  ],
  "real_psnr": [
    21.326958468000498,
    20.862688667570136,
    20.351392258815366,
    19.91638430804543,
    19.511823080589913,
    19.12767995831525,
    18.755356161538245,
    18.41768366306944,
    18.110901319538264,
    17.83567424735837,
    17.588377788776704,
    17.367144583479263,
    17.168748541850988,
    16.992673168905824,
    16.837215404819542,
    16.70130954545677,
    16.58188754223018,
    16.477823742520176,
    16.38800577440987,
    16.311519941009777,
    16.2471094397989,
    16.193344355167604,
    16.149778552268884,
    16.115410157867,
    16.089304652169652,
    16.07033413102914,
    16.057431131403835,
    16.049530683235,
    16.04545469117571,
    16.043972277206667,
    16.043777089187955
  ],
  "real_ssim": [
    0.44125962257385254,
    0.4106774628162384,
    0.38174518942832947,
    0.3588223457336426,
    0.337723970413208,
    0.31716465950012207,
    0.29794177412986755,
    0.2817038893699646,
    0.26831188797950745,
    0.2570187747478485,
    0.24742229282855988,
    0.23908524215221405,
    0.2319362759590149,
    0.22577162086963654,
    0.2204357385635376,
    0.2158728688955307,
    0.21193234622478485,
    0.2085728645324707,
    0.2057109922170639,
    0.20330172777175903,
    0.20129115879535675,
    0.19961996376514435,
    0.1982758641242981,
    0.19722537696361542,
    0.19642694294452667,
    0.19584666192531586,
    0.19545383751392365,
    0.1952144354581833,
    0.19509150087833405,
    0.19504649937152863,
    0.19504062831401825
  ],
  "real_lpips": [
    0.542277991771698,
    0.5651906728744507,
    0.5926532745361328,
    0.6166866421699524,
    0.6399728059768677,
    0.6670284271240234,
    0.695690929889679,
    0.7242574691772461,
    0.7493794560432434,
    0.7731386423110962,
    0.7944451570510864,
    0.8142995834350586,
    0.8310748338699341,
    0.8451055884361267,
    0.8580617308616638,
    0.8700119256973267,
    0.8810298442840576,
    0.8906022906303406,
    0.8991454839706421,
    0.9064652919769287,
    0.9125285744667053,
    0.9175224900245667,
    0.921662449836731,
    0.9248562455177307,
    0.9272741675376892,
    0.9290522336959839,
    0.9302738308906555,
    0.9310261607170105,
    0.9314141869544983,
    0.9315568804740906,
    0.9315757155418396
  ]
}