{
  "step": [
    0,
    10,
    20,
    30,
    40,
    50,
    60,
    70,
    80,
    90,
    100,
    110,
    120,
    130,
    140,
    150,
    160,
    170,
    180,
    190,
    200,
    210,
    220,
    230,
    240,
    250,
    260,
    270,
    280,
    290,
    300
  ],
  "loss": [
    -24.09676742553711,
    -47.72768783569336,
    -68.49555206298828,
    -81.21206665039062,
    -90.79707336425781,
    -98.42066955566406,
    -104.8134536743164,
    -110.29949951171875,
    -115.0155029296875,
    -119.04833221435547,
    -122.52882385253906,
    -125.48600769042969,
    -128.0659942626953,
    -130.27529907226562,
    -132.201904296875,
    -133.87123107910156,
    -135.29205322265625,
    -136.5057373046875,
    -137.52740478515625,
    -138.39625549316406,
    -139.11851501464844,
    -139.7125701904297,
    -140.191162109375,
    -140.5735626220703,
    -140.86436462402344,
    -141.0753631591797,
    -141.2205810546875,
    -141.3115692138672,
    -141.3604736328125,
    -141.3794708251953,
    -141.3826904296875
  ],
  "pred_psnr": [
    23.79019546508789,
    46.73357009887695,
    67.4955825805664,
    80.21206665039062,
    89.79707336425781,
    97.42066955566406,
    103.8134536743164,
    109.29949951171875,
    114.0155029296875,
    118.04833221435547,
    121.52882385253906,
    124.48600769042969,
    127.06599426269531,
    129.27529907226562,
    131.201904296875,
    132.87123107910156,
    134.29205322265625,
    135.5057373046875,
    136.52740478515625,
    137.39625549316406,
    138.11851501464844,
    138.7125701904297,
    139.191162109375,
    139.5735626220703,
    139.86436462402344,
    140.0753631591797,
    140.2205810546875,
    140.3115692138672,
    140.3604736328125,
    140.3794708251953,
    140.3826904296875
  ],
  "pred_ssim": [
    0.6644076704978943,
    0.9954995512962341,
    0.9999778270721436,
    0.9999994039535522,
    1.0,
    1.0,
    1.0,
    1.0,
    1.0,
    1.0,
    1.0,
    1.0,
    1.0,
    1.0,
    1.0,
    1.0,
    1.0,
    1.0,
    1.0,
    1.0,
    1.0,
    1.0,
    1.0,
    1.0,
    1.0,
    1.0,
    1.0,
    1.0,
    1.0,
    1.0,
    1.0
  ],
  "pred_lpips": [
    0.3578358292579651,
    0.00138113833963871,
    7.498083050450077e-06,
    1.6682258774380898e-07,
    7.8448829654576e-09,
    6.513637962335395e-10,
    7.346406122321625e-11,
    1.083411138580459e-11,
    2.0138109929623838e-12,
    4.615736503947587e-13,
    1.303538440383667e-13,
    4.4195197631755057e-14,
    1.7305570903158526e-14,
    7.712239219915141e-15,
    3.8597305114117155e-15,
    2.1075323222165786e-15,
    1.2654838462195146e-15,
    8.16602865107716e-16,
    5.63166107426697e-16,
    4.1179959921667944e-16,
    3.1687796371336955e-16,
    2.554922948857683e-16,
    2.151559374279183e-16,
    1.8810170509261595e-16,
    1.697096287226301e-16,
    1.5746789828732712e-16,
    1.4954841816318523e-16,
    1.4478924443502874e-16,
    1.4232118895007672e-16,
    1.4138288820275577e-16,
    1.4121901379724166e-16
  ],
  "real_psnr": [
    21.316806793666743,
    20.72724296848073,
    20.070964690552408,
    19.410694738897007,
    18.79679761921129,
    18.216296008145754,
    17.660893613550474,
    17.13858786251827,
    16.653228992060306,
    16.21155340495865,
    15.81675269936258,
    15.466814562124636,
    15.158533753815348,
    14.888032738475436,
    14.651353764239898,
    14.445937988740758,
    14.268737235651045,
    14.117389354754405,
    13.988975586700665,
    13.880900289160374,
    13.791092634748647,
    13.717474439139362,
    13.658403066486734,
    13.612149147322171,
    13.57714164024012,
    13.551838722351997,
    13.534768551567778,
    13.524371414308964,
    13.519032463846692,
    13.517099000361181,
    13.516844469969287
  ],
  "real_ssim": [
    0.4402073323726654,
    0.4073300361633301,
    0.3696655035018921,
    0.33758726716041565,
    0.311602920293808,
    0.2902434766292572,
    0.2720441222190857,
    0.2563032805919647,
    0.2425730675458908,
    0.23074126243591309,
    0.22054380178451538,
    0.2116837054491043,
    0.20395751297473907,
    0.19723330438137054,
    0.1913750022649765,
    0.18631094694137573,
    0.18193574249744415,
    0.17819726467132568,
    0.1750226467847824,
    0.17234723269939423,
    0.17011038959026337,
    0.1682816594839096,
    0.16680383682250977,
    0.16564445197582245,
    0.16476194560527802,
    0.16412384808063507,
    0.16369198262691498,
    0.16342861950397491,
    0.16329294443130493,
    0.16324369609355927,
    0.16323721408843994
  ],
  "real_lpips": [
    0.5456978678703308,
    0.5691090822219849,
    0.6004717946052551,
    0.6343342065811157,
    0.666941225528717,
    0.6986055970191956,
    0.7299078106880188,
    0.7592090964317322,
    0.7858704328536987,
    0.8085368871688843,
    0.8279674053192139,
    0.8446978330612183,
    0.8591607213020325,
    0.8724796175956726,
    0.8852207660675049,
    0.8965145349502563,
    0.9059746265411377,
    0.9142441749572754,
    0.9214326739311218,
    0.9276805520057678,
    0.9330412149429321,
    0.9374937415122986,
    0.9410979747772217,
    0.9439338445663452,
    0.9460940361022949,
    0.947646975517273,
    0.9487051963806152,
    0.9493386149406433,
    0.9496827125549316,
    0.9498013854026794,
    0.9498195648193359
  ]
}