{
  "step": [
    0,
    10,
    20,
    30,
    40,
    50,
    60,
    70,
    80,
    90,
    100,
    110,
    120,
    130,
    140,
    150,
    160,
    170,
    180,
    190,
    200,
    210,
    220,
    230,
    240,
    250,
    260,
    270,
    280,
    290,
    300
  ],
  "loss": [
    -21.13200569152832,
    -33.78604507446289,
    -38.32139205932617,
    -42.95753479003906,
    -49.216278076171875,
    -56.92361068725586,
    -66.21601867675781,
    -81.02139282226562,
    -103.71043395996094,
    -129.63687133789062,
    -153.0663604736328,
    -169.01268005371094,
    -179.972900390625,
    -188.00363159179688,
    -194.04527282714844,
    -198.68959045410156,
    -202.43014526367188,
    -205.41070556640625,
    -207.8458709716797,
    -209.83126831054688,
    -211.4448699951172,
    -212.7266845703125,
    -213.7631072998047,
    -214.567626953125,
    -215.1736297607422,
    -215.61370849609375,
    -215.91587829589844,
    -216.10389709472656,
    -216.20480346679688,
    -216.24468994140625,
    -216.25152587890625
  ],
  "pred_psnr": [
    21.189111709594727,
    33.352455139160156,
    37.5073356628418,
    42.03954315185547,
    48.241676330566406,
    55.929290771484375,
    65.21696472167969,
    80.02146911621094,
    102.71043395996094,
    128.63687133789062,
    152.0663604736328,
    168.01268005371094,
    178.972900390625,
    187.00363159179688,
    193.04527282714844,
    197.68959045410156,
    201.43014526367188,
    204.41070556640625,
    206.8458709716797,
    208.83126831054688,
    210.4448699951172,
    211.7266845703125,
    212.7631072998047,
    213.567626953125,
    214.1736297607422,
    214.61370849609375,
    214.91587829589844,
    215.10389709472656,
    215.20480346679688,
    215.24468994140625,
    215.25152587890625
  ],
  "pred_ssim": [
    0.4882046580314636,
    0.754241943359375,
    0.9055343866348267,
    0.9553567171096802,
    0.9859257340431213,
    0.996874213218689,
    0.9995342493057251,
    0.9999794960021973,
    0.9999997615814209,
    1.0,
    1.0,
    1.0,
    1.0,
    1.0,
    1.0,
    1.0,
    1.0,
    1.0,
    1.0,
    1.0,
    1.0,
    1.0,
    1.0,
    1.0,
    1.0,
    1.0,
    1.0,
    1.0,
    1.0,
    1.0,
    1.0
  ],
  "pred_lpips": [
    0.5453115105628967,
    0.3206501305103302,
    0.09147688746452332,
    0.037366073578596115,
    0.011325685307383537,
    0.00255566299892962,
    0.00047807322698645294,
    5.295353912515566e-05,
    3.5250832297606394e-06,
    2.407499550827197e-07,
    2.268987842057868e-08,
    4.824084687271579e-09,
    1.6630777865955793e-09,
    7.54949880388267e-10,
    4.139546483372669e-10,
    2.603906534837108e-10,
    1.7924929596180306e-10,
    1.3265101517223599e-10,
    1.0360153013255768e-10,
    8.476735979812133e-11,
    7.188048767314825e-11,
    6.304170380166951e-11,
    5.6723174768347207e-11,
    5.2185911841862165e-11,
    4.9050694062025e-11,
    4.689734364737852e-11,
    4.5471633403071365e-11,
    4.460667946126762e-11,
    4.414749815717656e-11,
    4.396666017369988e-11,
    4.393572658467626e-11
  ],
  "real_psnr": [
    21.318404262932624,
    20.688073439327606,
    20.211690206075318,
    19.812553582376914,
    19.403488073904807,
    18.94333390281027,
    18.455819995962177,
    17.99003328499158,
    17.545775654430113,
    17.162510727837223,
    16.84502331563303,
    16.579807617404164,
    16.356985208496283,
    16.168653429789522,
    16.007074786336098,
    15.86549392869917,
    15.742161571492133,
    15.634492026841224,
    15.541618014219594,
    15.462033363129535,
    15.394532292846659,
    15.338653661170456,
    15.293393608265834,
    15.257702753178737,
    15.230472067899505,
    15.210650812309945,
    15.197213578299934,
    15.18900292490513,
    15.184777287204517,
    15.183244597128914,
    15.183044477285625
  ],
  "real_ssim": [
    0.4403630197048187,
    0.40306735038757324,
    0.3737681806087494,
    0.35137930512428284,
    0.33160173892974854,
    0.3116048574447632,
    0.2911982238292694,
    0.27162501215934753,
    0.25320887565612793,
    0.2373160570859909,
    0.2240843027830124,
    0.21345405280590057,
    0.20497246086597443,
    0.19815845787525177,
    0.19252191483974457,
    0.18777668476104736,
    0.1838017702102661,
    0.18038521707057953,
    0.17748379707336426,
    0.1750308722257614,
    0.172975555062294,
    0.17128463089466095,
    0.1699187308549881,
    0.16883854568004608,
    0.16801901161670685,
    0.1674243062734604,
    0.16702282428741455,
    0.16677875816822052,
    0.16665266454219818,
    0.16660676896572113,
    0.16660074889659882
  ],
  "real_lpips": [
    0.5463981032371521,
    0.581007719039917,
    0.6138956546783447,
    0.6396864652633667,
    0.6634528636932373,
    0.6837820410728455,
    0.7038416266441345,
    0.7211822867393494,
    0.7406517863273621,
    0.7609037160873413,
    0.7874907851219177,
    0.8129470348358154,
    0.8387348651885986,
    0.8630751371383667,
    0.884564995765686,
    0.902681827545166,
    0.9178833365440369,
    0.9304509162902832,
    0.9413163065910339,
    0.9507833123207092,
    0.9589443206787109,
    0.965706467628479,
    0.9711834192276001,
    0.9753974676132202,
    0.9786537885665894,
    0.9810056090354919,
    0.9825862646102905,
    0.9835501313209534,
    0.9840558171272278,
    0.9842405915260315,
    0.9842644929885864
  ]
}