{
  "step": [
    0,
    10,
    20,
    30,
    40,
    50,
    60,
    70,
    80,
    90,
    100,
    110,
    120,
    130,
    140,
    150,
    160,
    170,
    180,
    190,
    200,
    210,
    220,
    230,
    240,
    250,
    260,
    270,
    280,
    290,
    300
  ],
  "loss": [
    -22.162914276123047,
    -49.52000045776367,
    -59.35616683959961,
    -66.43184661865234,
    -72.42689514160156,
    -77.88690185546875,
    -83.5004653930664,
    -89.87815856933594,
    -97.47708892822266,
    -104.38822937011719,
    -110.7606201171875,
    -116.32657623291016,
    -121.23533630371094,
    -125.4247055053711,
    -128.7470703125,
    -131.67568969726562,
    -134.2017059326172,
    -136.4600067138672,
    -138.39149475097656,
    -139.8780975341797,
    -141.16534423828125,
    -142.16575622558594,
    -142.9861297607422,
    -143.6291961669922,
    -144.12033081054688,
    -144.48318481445312,
    -144.73565673828125,
    -144.8963165283203,
    -144.983642578125,
    -145.0196075439453,
    -145.02528381347656
  ],
  "pred_psnr": [
    22.02268409729004,
    48.52810287475586,
    58.35687255859375,
    65.43195343017578,
    71.42691040039062,
    76.88690185546875,
    82.5004653930664,
    88.87815856933594,
    96.47708892822266,
    103.38822937011719,
    109.7606201171875,
    115.32657623291016,
    120.23533630371094,
    124.4247055053711,
    127.74707794189453,
    130.67568969726562,
    133.2017059326172,
    135.4600067138672,
    137.39149475097656,
    138.8780975341797,
    140.16534423828125,
    141.16575622558594,
    141.9861297607422,
    142.6291961669922,
    143.12033081054688,
    143.48318481445312,
    143.73565673828125,
    143.8963165283203,
    143.983642578125,
    144.0196075439453,
    144.02528381347656
  ],
  "pred_ssim": [
    0.5453436374664307,
    0.9954356551170349,
    0.9996607303619385,
    0.9999575614929199,
    0.9999927282333374,
    0.9999986886978149,
    0.9999997615814209,
    1.0,
    1.0,
    1.0,
    1.0,
    1.0,
    1.0,
    1.0,
    1.0,
    1.0,
    1.0,
    1.0,
    1.0,
    1.0,
    1.0,
    1.0,
    1.0,
    1.0,
    1.0,
    1.0,
    1.0,
    1.0,
    1.0,
    1.0,
    1.0
  ],
  "pred_lpips": [
    0.4051136076450348,
    0.003535607596859336,
    0.00036552935489453375,
    5.733415309805423e-05,
    1.1441106835263781e-05,
    2.264127715534414e-06,
    3.9104037341530784e-07,
    5.383711254580703e-08,
    6.81108636158001e-09,
    1.1056301429945847e-09,
    2.1794582805156892e-10,
    5.439730610401483e-11,
    1.6148042972230492e-11,
    5.80442638398182e-12,
    2.6051259673781635e-12,
    1.2770005322279565e-12,
    6.883568693348552e-13,
    3.978110430045284e-13,
    2.4985186987923347e-13,
    1.7490312854712836e-13,
    1.28689295548004e-13,
    1.0118446878981668e-13,
    8.309946155672654e-14,
    7.120709864848543e-14,
    6.329655631012385e-14,
    5.803169766558855e-14,
    5.461856485210019e-14,
    5.256734920944771e-14,
    5.1479667425614883e-14,
    5.1044763441044846e-14,
    5.097510683959444e-14
  ],
  "real_psnr": [
    21.34345952855231,
    20.913161215035853,
    20.455405838578656,
    20.038184613341336,
    19.663669673358257,
    19.32361525816313,
    19.014930989457586,
    18.739716151707896,
    18.50106626338031,
    18.295380066243638,
    18.113819832283422,
    17.953891964385484,
    17.81283271681246,
    17.68716793912906,
    17.575180653779952,
    17.475760651086798,
    17.39021087166052,
    17.315845027644656,
    17.250664838824072,
    17.19468266701333,
    17.146969117716193,
    17.106958180191025,
    17.074283443656398,
    17.048280643458103,
    17.028455972400224,
    17.01401634210348,
    17.004216855844312,
    16.998237526928634,
    16.995160230931504,
    16.994041828215572,
    16.993894861869556
  ],
  "real_ssim": [
    0.4412781298160553,
    0.4119900166988373,
    0.38653072714805603,
    0.3647889792919159,
    0.34608086943626404,
    0.3301961421966553,
    0.3166443407535553,
    0.3050644099712372,
    0.29536184668540955,
    0.28709113597869873,
    0.2799951136112213,
    0.2738614082336426,
    0.2685564458370209,
    0.26385438442230225,
    0.25974351167678833,
    0.256145715713501,
    0.2530503571033478,
    0.25033608078956604,
    0.24799413979053497,
    0.24600310623645782,
    0.24432051181793213,
    0.24290768802165985,
    0.24175499379634857,
    0.24084706604480743,
    0.24015571177005768,
    0.23965035378932953,
    0.2393057942390442,
    0.23909586668014526,
    0.23898784816265106,
    0.23894846439361572,
    0.23894329369068146
  ],
  "real_lpips": [
    0.541846513748169,
    0.5674482583999634,
    0.5932947397232056,
    0.6188008189201355,
    0.645560085773468,
    0.6702150106430054,
    0.6930812001228333,
    0.7122222185134888,
    0.7283818125724792,
    0.7421008348464966,
    0.7535959482192993,
    0.7633573412895203,
    0.7720040082931519,
    0.780143141746521,
    0.7872205376625061,
    0.7932721376419067,
    0.798839807510376,
    0.8038919568061829,
    0.8081938624382019,
    0.8119584321975708,
    0.8149818181991577,
    0.8174004554748535,
    0.8193880915641785,
    0.8210152387619019,
    0.8222601413726807,
    0.8231977224349976,
    0.8238757252693176,
    0.8242571353912354,
    0.8244656920433044,
    0.8245172500610352,
    0.8245297074317932
  ]
}