{
  "step": [
    0,
    10,
    20,
    30,
    40,
    50,
    60,
    70,
    80,
    90,
    100,
    110,
    120,
    130,
    140,
    150,
    160,
    170,
    180,
    190,
    200,
    210,
    220,
    230,
    240,
    250,
    260,
    270,
    280,
    290,
    300
  ],
  "loss": [
    -23.362085342407227,
    -27.903961181640625,
    -32.05343246459961,
    -35.010009765625,
    -37.34558868408203,
    -39.20930099487305,
    -41.057132720947266,
    -42.82325744628906,
    -44.47572708129883,
    -46.317604064941406,
    -48.049476623535156,
    -49.94163513183594,
    -52.19487380981445,
    -54.31148910522461,
    -56.53921890258789,
    -58.63601303100586,
    -60.51231002807617,
    -62.195491790771484,
    -63.57243728637695,
    -64.7496337890625,
    -65.73209381103516,
    -66.53270721435547,
    -67.18315124511719,
    -67.69759368896484,
    -68.09490966796875,
    -68.40447235107422,
    -68.62232971191406,
    -68.76177978515625,
    -68.83512878417969,
    -68.86288452148438,
    -68.86720275878906
  ],
  "pred_psnr": [
    23.208112716674805,
    27.729219436645508,
    31.6903133392334,
    34.5446891784668,
    36.78261184692383,
    38.55558776855469,
    40.304874420166016,
    41.99177169799805,
    43.585731506347656,
    45.38137435913086,
    47.08462142944336,
    48.959388732910156,
    51.203006744384766,
    53.31551742553711,
    55.541221618652344,
    57.637081146240234,
    59.512943267822266,
    61.19589614868164,
    62.57271957397461,
    63.74984359741211,
    64.73225402832031,
    65.53284454345703,
    66.18327331542969,
    66.69769287109375,
    67.09500122070312,
    67.40455627441406,
    67.62240600585938,
    67.76185607910156,
    67.835205078125,
    67.86296081542969,
    67.86727905273438
  ],
  "pred_ssim": [
    0.6056467890739441,
    0.6903533339500427,
    0.80520099401474,
    0.8618839383125305,
    0.9015886783599854,
    0.9293713569641113,
    0.9528088569641113,
    0.9691606760025024,
    0.9802262783050537,
    0.9884836077690125,
    0.993474543094635,
    0.9965311884880066,
    0.9983012080192566,
    0.999099612236023,
    0.9995204210281372,
    0.9997279047966003,
    0.999830961227417,
    0.9998884201049805,
    0.9999194145202637,
    0.9999390840530396,
    0.9999514818191528,
    0.9999593496322632,
    0.9999648332595825,
    0.9999688863754272,
    0.9999715089797974,
    0.9999734163284302,
    0.9999747276306152,
    0.9999755620956421,
    0.9999760389328003,
    0.9999761581420898,
    0.9999761581420898
  ],
  "pred_lpips": [
    0.45167386531829834,
    0.5156126022338867,
    0.44208282232284546,
    0.396566241979599,
    0.3386123776435852,
    0.27565738558769226,
    0.2005518227815628,
    0.1376776546239853,
    0.09022905677556992,
    0.05225258693099022,
    0.028616303578019142,
    0.0142864054068923,
    0.006434684619307518,
    0.0031291190534830093,
    0.001521067344583571,
    0.0007989799487404525,
    0.0004668516048695892,
    0.0002930183836724609,
    0.00020378088811412454,
    0.00014976641978137195,
    0.00011648911458905786,
    9.572458657203242e-05,
    8.119519043248147e-05,
    7.09619271219708e-05,
    6.403160659829155e-05,
    5.91878779232502e-05,
    5.597437484539114e-05,
    5.3993728215573356e-05,
    5.297824100125581e-05,
    5.260123361949809e-05,
    5.254282586975023e-05
  ],
  "real_psnr": [
    22.64677915808223,
    21.36860669157923,
    20.139414066301065,
    19.121477339340398,
    18.271954586418705,
    17.55067257756902,
    16.917649705572902,
    16.338929960740884,
    15.806019430624474,
    15.322731255255002,
    14.882749353316463,
    14.481841899288568,
    14.115669488845231,
    13.787809525136545,
    13.500363786659257,
    13.252624591553332,
    13.043111348466025,
    12.870968272829113,
    12.730011697279156,
    12.61609765230677,
    12.524179570398257,
    12.45170126311811,
    12.395465713287715,
    12.352568119419043,
    12.320962464543605,
    12.298799898268978,
    12.284277515578768,
    12.275615042438561,
    12.271206483622265,
    12.269612268514283,
    12.26940246077271
  ],
  "real_ssim": [
    0.4618285894393921,
    0.4071294367313385,
    0.35854557156562805,
    0.3202025890350342,
    0.2909853458404541,
    0.2684849202632904,
    0.25008025765419006,
    0.23414893448352814,
    0.21981088817119598,
    0.20695549249649048,
    0.19528387486934662,
    0.18497316539287567,
    0.17576594650745392,
    0.1675652265548706,
    0.1605972796678543,
    0.15472863614559174,
    0.14979316294193268,
    0.14576087892055511,
    0.1424182653427124,
    0.13960550725460052,
    0.13728536665439606,
    0.13543115556240082,
    0.1339971423149109,
    0.132928267121315,
    0.13214237987995148,
    0.13158760964870453,
    0.13122090697288513,
    0.13100087642669678,
    0.1308872550725937,
    0.1308458000421524,
    0.13084034621715546
  ],
  "real_lpips": [
    0.500074565410614,
    0.5799285769462585,
    0.652112603187561,
    0.7140363454818726,
    0.7709497213363647,
    0.8186376094818115,
    0.8598487377166748,
    0.8988170027732849,
    0.9355055093765259,
    0.9680349826812744,
    0.996568500995636,
    1.022684097290039,
    1.0450713634490967,
    1.0622129440307617,
    1.0747820138931274,
    1.0852253437042236,
    1.0942597389221191,
    1.1014283895492554,
    1.1076514720916748,
    1.1131644248962402,
    1.1177244186401367,
    1.121317744255066,
    1.1240311861038208,
    1.1260756254196167,
    1.1274267435073853,
    1.1282607316970825,
    1.1287956237792969,
    1.1290874481201172,
    1.129251480102539,
    1.129312515258789,
    1.1293206214904785
  ]
}