{
  "step": [
    0,
    10,
    20,
    30,
    40,
    50,
    60,
    70,
    80,
    90,
    100,
    110,
    120,
    130,
    140,
    150,
    160,
    170,
    180,
    190,
    200,
    210,
    220,
    230,
    240,
    250,
    260,
    270,
    280,
    290,
    300
  ],
  "loss": [
    -22.423593521118164,
    -31.057052612304688,
    -37.4576530456543,
    -43.22846221923828,
    -48.344993591308594,
    -52.79985046386719,
    -56.76125717163086,
    -60.16508102416992,
    -63.02811050415039,
    -65.42318725585938,
    -67.3896484375,
    -68.9808120727539,
    -70.25899505615234,
    -71.28875732421875,
    -72.13121795654297,
    -72.82731628417969,
    -73.40055084228516,
    -73.8743667602539,
    -74.26464080810547,
    -74.58448028564453,
    -74.84510040283203,
    -75.05557250976562,
    -75.22369384765625,
    -75.35440063476562,
    -75.45325469970703,
    -75.52462768554688,
    -75.572998046875,
    -75.60286712646484,
    -75.61860656738281,
    -75.6246337890625,
    -75.62559509277344
  ],
  "pred_psnr": [
    22.27958106994629,
    31.076284408569336,
    37.67558670043945,
    43.67734146118164,
    48.99547576904297,
    53.602508544921875,
    57.658294677734375,
    61.11125564575195,
    63.99774169921875,
    66.40443420410156,
    68.37703704833984,
    69.97174835205078,
    71.25211334228516,
    72.28327178955078,
    73.12665557861328,
    73.82339477539062,
    74.39710235595703,
    74.87127685546875,
    75.2618179321289,
    75.58187103271484,
    75.8426513671875,
    76.0532455444336,
    76.2214584350586,
    76.35224151611328,
    76.45114135742188,
    76.52255249023438,
    76.5709457397461,
    76.60083770751953,
    76.6165771484375,
    76.62261199951172,
    76.62357330322266
  ],
  "pred_ssim": [
    0.5860345959663391,
    0.47441810369491577,
    0.3902035355567932,
    0.28689587116241455,
    0.18928910791873932,
    0.1105780079960823,
    0.06015051528811455,
    0.032520052045583725,
    0.0187794491648674,
    0.011784566566348076,
    0.00800956878811121,
    0.005817446392029524,
    0.004461904522031546,
    0.003588659455999732,
    0.0030000554397702217,
    0.0025903447531163692,
    0.002288013231009245,
    0.002057853387668729,
    0.0018843594007194042,
    0.0017503368435427547,
    0.001646096701733768,
    0.0015667948173359036,
    0.0015053737442940474,
    0.0014591257786378264,
    0.0014250087551772594,
    0.0014011806342750788,
    0.0013854331336915493,
    0.0013757467968389392,
    0.0013707411708310246,
    0.0013688351027667522,
    0.0013685334706678987
  ],
  "pred_lpips": [
    0.4420223534107208,
    0.49364957213401794,
    0.6081373691558838,
    0.7357758283615112,
    0.8397697806358337,
    0.9132342338562012,
    0.9571876525878906,
    0.9786948561668396,
    0.9884080290794373,
    0.9930307269096375,
    0.9954029321670532,
    0.9967586398124695,
    0.997582197189331,
    0.998100221157074,
    0.9984385371208191,
    0.9986718893051147,
    0.9988415837287903,
    0.998969554901123,
    0.9990649819374084,
    0.999138355255127,
    0.9991951584815979,
    0.9992378950119019,
    0.9992708563804626,
    0.9992955923080444,
    0.9993139505386353,
    0.9993268251419067,
    0.9993352293968201,
    0.9993403553962708,
    0.9993430972099304,
    0.9993440508842468,
    0.9993442893028259
  ],
  "real_psnr": [
    21.356920041941,
    20.650435456374595,
    19.5049722109789,
    18.157370092229016,
    16.84027576507901,
    15.648710234498376,
    14.611048858883397,
    13.729054243704468,
    12.99619876927272,
    12.396372145415292,
    11.912907111268595,
    11.524699057714546,
    11.212757703136603,
    10.960690979354917,
    10.75644955497864,
    10.589473456837794,
    10.45294684245065,
    10.34127033696387,
    10.249984088813662,
    10.175338190894369,
    10.114740560876779,
    10.066073046093312,
    10.027621190814624,
    9.99795865501982,
    9.975729885587661,
    9.959780684378766,
    9.94907010461415,
    9.942559018170385,
    9.939219225131673,
    9.93800753735869,
    9.937847408026387
  ],
  "real_ssim": [
    0.44031116366386414,
    0.389534592628479,
    0.32739177346229553,
    0.27416494488716125,
    0.23233596980571747,
    0.20084571838378906,
    0.17747952044010162,
    0.1598714143037796,
    0.14639912545681,
    0.1358049511909485,
    0.1273626685142517,
    0.1204928383231163,
    0.11486063152551651,
    0.11018794775009155,
    0.10630327463150024,
    0.10305555909872055,
    0.10033895820379257,
    0.0980750024318695,
    0.09617995470762253,
    0.09459972381591797,
    0.09329285472631454,
    0.09223216772079468,
    0.0913851261138916,
    0.09072462469339371,
    0.09022287279367447,
    0.08986078947782516,
    0.08961483836174011,
    0.08946484327316284,
    0.08938740938901901,
    0.08935928344726562,
    0.08935556560754776
  ],
  "real_lpips": [
    0.5438472032546997,
    0.6004492044448853,
    0.6986672282218933,
    0.800140917301178,
    0.8702607154846191,
    0.9188793897628784,
    0.9587370753288269,
    0.9937585592269897,
    1.0228947401046753,
    1.049558162689209,
    1.0733675956726074,
    1.0939384698867798,
    1.1109064817428589,
    1.1252816915512085,
    1.137128472328186,
    1.1469345092773438,
    1.1548631191253662,
    1.1615557670593262,
    1.1673688888549805,
    1.1723536252975464,
    1.1764659881591797,
    1.1798155307769775,
    1.1824928522109985,
    1.184579849243164,
    1.1862049102783203,
    1.1873785257339478,
    1.1881725788116455,
    1.1886576414108276,
    1.188908576965332,
    1.1890002489089966,
    1.1890125274658203
  ]
}